component,rank,term,weight
1,1,risk,0.5725687872144307
1,2,factors,0.4846095325376126
1,3,depression,0.4074691689793992
1,4,prediction,0.38318676941809193
1,5,predicting,0.3714976888077819
1,6,predictive,0.3634572633588118
1,7,anxiety,0.3595737162100033
1,8,predictors,0.35054678666290096
1,9,regression,0.34238103001113507
1,10,predict,0.33519001247541746
1,11,19,0.33028631172562634
1,12,suicide,0.3255767583209968
1,13,covid,0.3206786453239814
1,14,random,0.3143253792162406
1,15,covid 19,0.3139151515185171
1,16,variables,0.30034376372032057
1,17,forest,0.292551953306754
1,18,random forest,0.28644499135465334
1,19,age,0.2638163845088351
1,20,performance,0.26271048513545947
1,21,students,0.2624126045963615
1,22,auc,0.2604285341218366
1,23,symptoms,0.2565421816114227
1,24,participants,0.25473679195680476
1,25,logistic,0.2475378127441621
1,26,self,0.2468084334355588
1,27,high,0.2457527964264825
1,28,pandemic,0.24554530776335967
1,29,logistic regression,0.24018023480815887
1,30,stress,0.23630630828265548
1,31,risk factors,0.2326329447515048
1,32,ml,0.23254310525530675
1,33,suicidal,0.23107119371055082
1,34,associated,0.22960165782312988
1,35,95,0.22944353640364284
1,36,identify,0.22801132746409714
1,37,included,0.22630718674515465
1,38,outcomes,0.22259212762885744
1,39,based,0.21315112326493457
1,40,ci,0.2129932291932965
2,1,ai,0.8430560714445878
2,2,care,0.3742506630606668
2,3,digital,0.3710782983636591
2,4,ethical,0.3491501057929428
2,5,challenges,0.33532675919014504
2,6,technology,0.3018345889584837
2,7,technologies,0.29254713766780077
2,8,healthcare,0.286287661543616
2,9,human,0.2753765779537509
2,10,potential,0.267059950901217
2,11,support,0.2609887512282401
2,12,future,0.2413471904889157
2,13,integration,0.2396364342967226
2,14,applications,0.23899927674985158
2,15,chatbots,0.23100969439362232
2,16,tools,0.2309750966893845
2,17,interventions,0.22029951118585106
2,18,education,0.21934674834526013
2,19,role,0.2078394421766531
2,20,development,0.205153632960273
2,21,services,0.19872630784994466
2,22,clinical,0.19613733000645273
2,23,therapy,0.1959516275606624
2,24,concerns,0.1954176052844033
2,25,privacy,0.1953604449795338
2,26,management,0.19331209926336532
2,27,impact,0.19229191526361056
2,28,new,0.18390947168211413
2,29,driven,0.1824415340923608
2,30,practice,0.1782003782441685
2,31,virtual,0.1768312449604751
2,32,including,0.17571652876458876
2,33,treatment,0.17562784018553573
2,34,psychological,0.17506879474171258
2,35,issues,0.17364893068439957
2,36,need,0.17233441276888037
2,37,therapeutic,0.16960394467520307
2,38,access,0.16960271162638704
2,39,literature,0.1688695937704471
2,40,implementation,0.16873208024456848
3,1,detection,0.5716689665525649
3,2,social media,0.42220043871770635
3,3,media,0.42046867296169144
3,4,emotion,0.41212586370727866
3,5,deep,0.38779503165290985
3,6,social,0.3680064953126982
3,7,depression,0.3369895971506332
3,8,recognition,0.33106943321707144
3,9,accuracy,0.33066674861346945
3,10,based,0.31778568981933
3,11,classification,0.2857487123736978
3,12,proposed,0.2690646654018152
3,13,features,0.26137733486876874
3,14,emotions,0.2603288444479904
3,15,emotional,0.25029751561847985
3,16,feature,0.2427462616660427
3,17,language,0.2424900440674743
3,18,techniques,0.23962993697605298
3,19,text,0.23402735587930745
3,20,emotion recognition,0.23258320789208353
3,21,signals,0.22430597581500192
3,22,processing,0.2214248536928084
3,23,performance,0.21244090759496964
3,24,facial,0.21010096293464886
3,25,eeg,0.20650536746353532
3,26,stress,0.19855651952160155
3,27,time,0.19686169900423525
3,28,depression detection,0.1967430795695213
3,29,real,0.19396192304501092
3,30,early,0.19120389185389872
3,31,sentiment,0.1905753017787093
3,32,monitoring,0.1816438262271624
3,33,detecting,0.1789207780138436
3,34,speech,0.1749286312602421
3,35,natural,0.17307645488321857
3,36,posts,0.17290937436525589
3,37,natural language,0.1718658806613794
3,38,networks,0.16474487666893822
3,39,f1,0.16469825903634375
3,40,framework,0.16420571095817096
4,1,brain,0.5512872237160298
4,2,disorder,0.46624684618199846
4,3,psychiatric,0.4210378503087916
4,4,disorders,0.3821905442990484
4,5,schizophrenia,0.36916113302694176
4,6,functional,0.31989188774629584
4,7,clinical,0.3106515420934195
4,8,diagnosis,0.30946776540509824
4,9,biomarkers,0.28075869238557616
4,10,mdd,0.26668795674571516
4,11,psychiatric disorders,0.264707790558187
4,12,imaging,0.2624881745230208
4,13,neuroimaging,0.26163659984784626
4,14,diagnostic,0.25454458903757604
4,15,treatment,0.24865647925024761
4,16,major,0.23306881935303353
4,17,depressive disorder,0.22974019623306294
4,18,controls,0.22930450716876594
4,19,depressive,0.22653742970918242
4,20,healthy,0.22374335783161572
4,21,major depressive,0.22264722746781046
4,22,psychiatry,0.20974346341984834
4,23,classification,0.20447792610570362
4,24,connectivity,0.20238663067656676
4,25,based,0.19511253499910805
4,26,bipolar,0.19194447664069508
4,27,disease,0.1903905448054226
4,28,features,0.1857394294331923
4,29,network,0.18300023721301104
4,30,eeg,0.18033884679424506
4,31,mri,0.17488464704219314
4,32,healthy controls,0.17074711899427744
4,33,bipolar disorder,0.16746925605546373
4,34,magnetic,0.16670219104631065
4,35,neural,0.1638508128420399
4,36,fmri,0.1626810434564866
4,37,magnetic resonance,0.16041020211687426
4,38,resonance,0.15984501873841173
4,39,structural,0.15700295581266924
4,40,resting,0.15179077206258992
