model,outcome,term,coefficient_log_odds,robust_se_hc3,odds_ratio,ci_low,ci_high,p_value,n_publications,n_outcome_events,converged
all_themed_publications__funding_support,funding_support,const,-3.4004780782027426,0.09073857411694265,0.03335731874067283,0.027922501342201762,0.03984996544292771,2.3047324465390213e-307,7146,1394,True
all_themed_publications__funding_support,funding_support,theme_Mental-health risk prediction,1.4181738542399234,0.09186570203607705,4.1295723493552146,3.4491243486247405,4.9442600686051765,9.162699590392021e-54,7146,1394,True
all_themed_publications__funding_support,funding_support,theme_Neuropsychiatric assessment,1.493259674155029,0.09354358011875188,4.451582603349891,3.705868432939518,5.34735326767355,2.3040941897965056e-57,7146,1394,True
all_themed_publications__funding_support,funding_support,theme_Social and affective detection,0.15562451388328288,0.11080842784043918,1.168387407463742,0.9403002744093146,1.4518012714368311,0.16018591828662854,7146,1394,True
all_themed_publications__funding_support,funding_support,year_centered,-0.010300401793034498,0.013220406713006538,0.9897524656711044,0.9644358858601271,1.0157336093195772,0.4359037495493162,7146,1394,True
all_themed_publications__funding_support,funding_support,log1p_citations,0.5096218477933686,0.022340177754918096,1.6646615804583904,1.5933455162459766,1.7391696585578689,3.493705951967505e-115,7146,1394,True
all_themed_publications__policy_coverage_through_2021,policy_document_coverage,const,-6.274838381268111,0.49444673394380917,0.0018830953726726558,0.0007144938471261163,0.004963021300805199,6.665125529744269e-37,1398,111,True
all_themed_publications__policy_coverage_through_2021,policy_document_coverage,theme_Mental-health risk prediction,-0.14192710795999985,0.2913114760086551,0.8676845014742469,0.49022681402037144,1.5357715501611189,0.6261162238229108,1398,111,True
all_themed_publications__policy_coverage_through_2021,policy_document_coverage,theme_Neuropsychiatric assessment,-0.9952489650527492,0.31228645544715455,0.36963140778462916,0.20042419759295904,0.6816910296346702,0.0014376945783897766,1398,111,True
all_themed_publications__policy_coverage_through_2021,policy_document_coverage,theme_Social and affective detection,-0.7205362747397389,0.3358866692202193,0.4864912930007651,0.25186500000103457,0.9396850620951069,0.03193871749150814,1398,111,True
all_themed_publications__policy_coverage_through_2021,policy_document_coverage,year_centered,-0.009099293710563502,0.03625852675777871,0.9909419795816483,0.9229643213778842,1.0639262907056133,0.8018481517530196,1398,111,True
all_themed_publications__policy_coverage_through_2021,policy_document_coverage,log1p_citations,1.0890722585855614,0.10041790543093355,2.97151599491731,2.440631410290624,3.6178782551184034,2.0971860404088874e-27,1398,111,True
all_themed_publications__policy_coverage_through_2020,policy_document_coverage,const,-6.133135701632681,0.5952794857260731,0.002169766541818812,0.0006756319692290887,0.00696812326889767,6.83319156071419e-25,933,90,True
all_themed_publications__policy_coverage_through_2020,policy_document_coverage,theme_Mental-health risk prediction,-0.08641612372551848,0.3375531086069394,0.917212477923952,0.47330841658191214,1.7774429952774822,0.7979450546201486,933,90,True
all_themed_publications__policy_coverage_through_2020,policy_document_coverage,theme_Neuropsychiatric assessment,-0.8170002795194095,0.34520431720292055,0.4417548099163315,0.22456539812431003,0.8689999159006176,0.017946740752850944,933,90,True
all_themed_publications__policy_coverage_through_2020,policy_document_coverage,theme_Social and affective detection,-0.519464587977367,0.3799580437113811,0.594838946648914,0.28247402789188497,1.2526226750510914,0.17157421242129212,933,90,True
all_themed_publications__policy_coverage_through_2020,policy_document_coverage,year_centered,0.039054270826486666,0.04389645921559626,1.0398269143849195,0.9541053266973732,1.1332501576340266,0.37363199762536914,933,90,True
all_themed_publications__policy_coverage_through_2020,policy_document_coverage,log1p_citations,1.0622601381793264,0.11468747070796612,2.8929019642132734,2.310529747383477,3.6220619033475874,2.002324303094881e-20,933,90,True
clear_assignments_margin_at_least_0_10__funding_support,funding_support,const,-3.4789954500822917,0.10002162432092661,0.030838374164370696,0.02534853779126481,0.03751716682567172,4.483917076793152e-265,6166,1211,True
clear_assignments_margin_at_least_0_10__funding_support,funding_support,theme_Mental-health risk prediction,1.578271371991504,0.1003532573210627,4.846570648144021,3.9811972948597973,5.900045968025395,9.853808255725277e-56,6166,1211,True
clear_assignments_margin_at_least_0_10__funding_support,funding_support,theme_Neuropsychiatric assessment,1.6830489385229925,0.10146980608906789,5.381940185959156,4.411310333355927,6.566139758117307,8.697370240642783e-62,6166,1211,True
clear_assignments_margin_at_least_0_10__funding_support,funding_support,theme_Social and affective detection,0.16056070900685185,0.12206858684227968,1.1741690536140321,0.9243270452876764,1.491542385883332,0.18839837406417514,6166,1211,True
clear_assignments_margin_at_least_0_10__funding_support,funding_support,year_centered,-0.0032935176312382975,0.014700764288622983,0.9967119000485819,0.9684034550017848,1.0258478597607064,0.8227283806053474,6166,1211,True
clear_assignments_margin_at_least_0_10__funding_support,funding_support,log1p_citations,0.5100294069761134,0.02446982510222091,1.6653401668443322,1.5873555111876898,1.7471561044507469,1.7570074089871491e-96,6166,1211,True
clear_assignments_margin_at_least_0_10__policy_coverage_through_2021,policy_document_coverage,const,-6.154338850113932,0.5458852645497381,0.0021242449654627097,0.0007286957188749352,0.006192456681727984,1.762670461128245e-29,1177,91,True
clear_assignments_margin_at_least_0_10__policy_coverage_through_2021,policy_document_coverage,theme_Mental-health risk prediction,-0.17959745381866085,0.3155231168518252,0.8356065139293679,0.45022338911496707,1.5508706633250717,0.5692167739198039,1177,91,True
clear_assignments_margin_at_least_0_10__policy_coverage_through_2021,policy_document_coverage,theme_Neuropsychiatric assessment,-1.110018671048013,0.33800756804671256,0.32955280792144676,0.16990746206698581,0.6392011974500129,0.0010234296963457274,1177,91,True
clear_assignments_margin_at_least_0_10__policy_coverage_through_2021,policy_document_coverage,theme_Social and affective detection,-0.7733468695227612,0.35983403218508464,0.4614660143222946,0.22795464095089374,0.9341809470787584,0.03162040618427898,1177,91,True
clear_assignments_margin_at_least_0_10__policy_coverage_through_2021,policy_document_coverage,year_centered,-0.008709253566892474,0.0408197008565087,0.9913285621201875,0.9151068934335019,1.0738989347878742,0.8310468999061917,1177,91,True
clear_assignments_margin_at_least_0_10__policy_coverage_through_2021,policy_document_coverage,log1p_citations,1.0663849932301843,0.11220237137434869,2.904859409903032,2.331408022018201,3.6193613951785206,2.017432131249299e-21,1177,91,True
clear_assignments_margin_at_least_0_10__policy_coverage_through_2020,policy_document_coverage,const,-6.0647901311414385,0.6621174589728662,0.0023232455402596307,0.0006345994761707541,0.008505317200866938,5.2047004519129166e-20,785,72,True
clear_assignments_margin_at_least_0_10__policy_coverage_through_2020,policy_document_coverage,theme_Mental-health risk prediction,-0.11302228238402133,0.3721014278640311,0.893130758811743,0.43070680827024715,1.8520314446367738,0.7613255825829218,785,72,True
clear_assignments_margin_at_least_0_10__policy_coverage_through_2020,policy_document_coverage,theme_Neuropsychiatric assessment,-0.887474299999735,0.3738727584110887,0.4116942569100913,0.19784894543551967,0.8566745746339645,0.01760925395161006,785,72,True
clear_assignments_margin_at_least_0_10__policy_coverage_through_2020,policy_document_coverage,theme_Social and affective detection,-0.4458455843461823,0.40720004312709507,0.6402826340900994,0.288245421604377,1.4222666546982923,0.27355802039094046,785,72,True
clear_assignments_margin_at_least_0_10__policy_coverage_through_2020,policy_document_coverage,year_centered,0.052838431349744405,0.048474085427324544,1.054259296106705,0.9587077162505786,1.1593342210431326,0.27569789363329655,785,72,True
clear_assignments_margin_at_least_0_10__policy_coverage_through_2020,policy_document_coverage,log1p_citations,1.0438639565255399,0.1287938796020291,2.840170133456704,2.20655525442819,3.6557282537073172,5.278068659509291e-16,785,72,True
clear_assignments_margin_at_least_0_20__funding_support,funding_support,const,-3.5900300188409964,0.10829883191284154,0.027597501965791273,0.022319560579573395,0.03412352640351177,5.7972234395491265e-241,5288,1041,True
clear_assignments_margin_at_least_0_20__funding_support,funding_support,theme_Mental-health risk prediction,1.7041020601044663,0.10875112449873874,5.496447970749283,4.4413295188753334,6.802228964718688,2.435661650918009e-55,5288,1041,True
clear_assignments_margin_at_least_0_20__funding_support,funding_support,theme_Neuropsychiatric assessment,1.8210664077250263,0.10900025067240245,6.1784436780573015,4.98996972245774,7.649979540181373,1.1656758357627126e-62,5288,1041,True
clear_assignments_margin_at_least_0_20__funding_support,funding_support,theme_Social and affective detection,0.10043835734173788,0.13710718235537658,1.1056554840602304,0.8451114370989131,1.4465240863725075,0.46383075186201583,5288,1041,True
clear_assignments_margin_at_least_0_20__funding_support,funding_support,year_centered,0.009781011358074663,0.016266854792032704,1.0098290017870297,0.9781410091787563,1.0425435630251012,0.547650359732686,5288,1041,True
clear_assignments_margin_at_least_0_20__funding_support,funding_support,log1p_citations,0.5323680885008908,0.027158860772549132,1.7029602981178287,1.6146814611223315,1.7960655688396785,1.4865381374735002e-85,5288,1041,True
clear_assignments_margin_at_least_0_20__policy_coverage_through_2021,policy_document_coverage,const,-5.887211870844427,0.5711349816356562,0.002774702150092341,0.0009058689898777197,0.008498990591085713,6.489267832695658e-25,987,80,True
clear_assignments_margin_at_least_0_20__policy_coverage_through_2021,policy_document_coverage,theme_Mental-health risk prediction,-0.19991495746806812,0.33086129459452,0.8188003829749035,0.4281031196101485,1.5660574203952975,0.5456934757555627,987,80,True
clear_assignments_margin_at_least_0_20__policy_coverage_through_2021,policy_document_coverage,theme_Neuropsychiatric assessment,-1.2648163391590779,0.35534293656363536,0.282291137207435,0.14067884282620483,0.5664553712907214,0.0003716684206860204,987,80,True
clear_assignments_margin_at_least_0_20__policy_coverage_through_2021,policy_document_coverage,theme_Social and affective detection,-0.7773382780723964,0.3984849757923199,0.4596277859280801,0.21048213917056038,1.0036846947187295,0.05108867052525052,987,80,True
clear_assignments_margin_at_least_0_20__policy_coverage_through_2021,policy_document_coverage,year_centered,0.00856127704833611,0.04218187780302359,1.0085980295887085,0.9285661245010207,1.095527780357991,0.8391654976721674,987,80,True
clear_assignments_margin_at_least_0_20__policy_coverage_through_2021,policy_document_coverage,log1p_citations,1.03446289478576,0.11916704828425892,2.8135946333673365,2.227544309072886,3.5538304350086225,3.930648042662908e-18,987,80,True
clear_assignments_margin_at_least_0_20__policy_coverage_through_2020,policy_document_coverage,const,-5.715826803833161,0.6786402873759987,0.0032934263780897526,0.0008709401256540558,0.012453964386761718,3.68631914999965e-17,661,63,True
clear_assignments_margin_at_least_0_20__policy_coverage_through_2020,policy_document_coverage,theme_Mental-health risk prediction,-0.06192657788060163,0.39578014511128884,0.9399518975180493,0.43272995411293685,2.0417111439833375,0.8756648375855326,661,63,True
clear_assignments_margin_at_least_0_20__policy_coverage_through_2020,policy_document_coverage,theme_Neuropsychiatric assessment,-1.0013065916446613,0.3969185975942484,0.3673990868491747,0.16876420960235786,0.7998265114128887,0.011645766749238118,661,63,True
clear_assignments_margin_at_least_0_20__policy_coverage_through_2020,policy_document_coverage,theme_Social and affective detection,-0.40165779786017775,0.4430987422344067,0.6692097115070837,0.28079922291399534,1.5948820417945442,0.3646846520200443,661,63,True
clear_assignments_margin_at_least_0_20__policy_coverage_through_2020,policy_document_coverage,year_centered,0.07821775304625284,0.049133234108045265,1.0813581020557084,0.9820808753295461,1.1906711292887593,0.11139547765658167,661,63,True
clear_assignments_margin_at_least_0_20__policy_coverage_through_2020,policy_document_coverage,log1p_citations,0.9855360882755381,0.13228910500593807,2.679247812834188,2.0673223246197923,3.472302677279402,9.3435176366905e-14,661,63,True
