model,predictor,vif
primary_hc3_linear_year_citation_adjusted,theme_Mental-health risk prediction,1.6161381285618877
primary_hc3_linear_year_citation_adjusted,theme_Neuropsychiatric assessment,1.691850670481736
primary_hc3_linear_year_citation_adjusted,theme_Social and affective detection,1.4540007307290457
primary_hc3_linear_year_citation_adjusted,year_centered,1.0301674071212121
primary_hc3_linear_year_citation_adjusted,log1p_citations,1.0188737735027709
hc3_linear_year_citation_omitted,theme_Mental-health risk prediction,1.6097619465179611
hc3_linear_year_citation_omitted,theme_Neuropsychiatric assessment,1.6791744948800917
hc3_linear_year_citation_omitted,theme_Social and affective detection,1.4359369649862808
hc3_linear_year_citation_omitted,year_centered,1.0258312422173335
hc3_spline_year_citation_adjusted,theme_Mental-health risk prediction,1.617868119869914
hc3_spline_year_citation_adjusted,theme_Neuropsychiatric assessment,1.7179761823227229
hc3_spline_year_citation_adjusted,theme_Social and affective detection,1.458450758873819
hc3_spline_year_citation_adjusted,year_spline_1,11.193627252185383
hc3_spline_year_citation_adjusted,year_spline_2,7.9835457985799385
hc3_spline_year_citation_adjusted,year_spline_3,62.06342522815457
hc3_spline_year_citation_adjusted,year_spline_4,89.43137626576713
hc3_spline_year_citation_adjusted,log1p_citations,1.033557674083749
firth_linear_year_citation_adjusted,theme_Mental-health risk prediction,1.6161381285618877
firth_linear_year_citation_adjusted,theme_Neuropsychiatric assessment,1.691850670481736
firth_linear_year_citation_adjusted,theme_Social and affective detection,1.4540007307290457
firth_linear_year_citation_adjusted,year_centered,1.0301674071212121
firth_linear_year_citation_adjusted,log1p_citations,1.0188737735027709
