predictor_1,predictor_2,correlation,model
theme_Mental-health risk prediction,theme_Neuropsychiatric assessment,-0.4428873588692158,primary_hc3_linear_year_citation_adjusted
theme_Mental-health risk prediction,theme_Social and affective detection,-0.2640162331157265,primary_hc3_linear_year_citation_adjusted
theme_Mental-health risk prediction,year_centered,0.1078436665353996,primary_hc3_linear_year_citation_adjusted
theme_Neuropsychiatric assessment,theme_Social and affective detection,-0.3166710097588098,primary_hc3_linear_year_citation_adjusted
theme_Neuropsychiatric assessment,year_centered,-0.1521295313894367,primary_hc3_linear_year_citation_adjusted
theme_Social and affective detection,year_centered,0.027461898524622826,primary_hc3_linear_year_citation_adjusted
log1p_citations,theme_Mental-health risk prediction,-0.012481437946292275,primary_hc3_linear_year_citation_adjusted
log1p_citations,theme_Neuropsychiatric assessment,0.04426436157088896,primary_hc3_linear_year_citation_adjusted
log1p_citations,theme_Social and affective detection,0.07515179024984983,primary_hc3_linear_year_citation_adjusted
log1p_citations,year_centered,-0.07001759733777019,primary_hc3_linear_year_citation_adjusted
theme_Mental-health risk prediction,theme_Neuropsychiatric assessment,-0.4428873588692158,hc3_linear_year_citation_omitted
theme_Mental-health risk prediction,theme_Social and affective detection,-0.2640162331157265,hc3_linear_year_citation_omitted
theme_Mental-health risk prediction,year_centered,0.1078436665353996,hc3_linear_year_citation_omitted
theme_Neuropsychiatric assessment,theme_Social and affective detection,-0.3166710097588098,hc3_linear_year_citation_omitted
theme_Neuropsychiatric assessment,year_centered,-0.1521295313894367,hc3_linear_year_citation_omitted
theme_Social and affective detection,year_centered,0.027461898524622826,hc3_linear_year_citation_omitted
theme_Mental-health risk prediction,theme_Neuropsychiatric assessment,-0.4428873588692158,hc3_spline_year_citation_adjusted
theme_Mental-health risk prediction,theme_Social and affective detection,-0.2640162331157265,hc3_spline_year_citation_adjusted
theme_Mental-health risk prediction,year_spline_1,-0.09632833973306415,hc3_spline_year_citation_adjusted
theme_Mental-health risk prediction,year_spline_2,-0.11613034422159507,hc3_spline_year_citation_adjusted
theme_Mental-health risk prediction,year_spline_3,-0.04588909889076416,hc3_spline_year_citation_adjusted
theme_Mental-health risk prediction,year_spline_4,0.0978516105644183,hc3_spline_year_citation_adjusted
theme_Neuropsychiatric assessment,theme_Social and affective detection,-0.3166710097588098,hc3_spline_year_citation_adjusted
theme_Neuropsychiatric assessment,year_spline_1,0.14415449650727272,hc3_spline_year_citation_adjusted
theme_Neuropsychiatric assessment,year_spline_2,0.19811631022301868,hc3_spline_year_citation_adjusted
theme_Neuropsychiatric assessment,year_spline_3,0.09985109947483053,hc3_spline_year_citation_adjusted
theme_Neuropsychiatric assessment,year_spline_4,-0.1732572103536518,hc3_spline_year_citation_adjusted
theme_Social and affective detection,year_spline_1,-0.015942037797445387,hc3_spline_year_citation_adjusted
theme_Social and affective detection,year_spline_2,-0.023788627656531298,hc3_spline_year_citation_adjusted
theme_Social and affective detection,year_spline_3,-0.041200753021361815,hc3_spline_year_citation_adjusted
theme_Social and affective detection,year_spline_4,0.04635292578893404,hc3_spline_year_citation_adjusted
year_spline_1,year_spline_2,0.6553192653894542,hc3_spline_year_citation_adjusted
year_spline_1,year_spline_3,-0.1514921948299923,hc3_spline_year_citation_adjusted
year_spline_1,year_spline_4,-0.3472591145446165,hc3_spline_year_citation_adjusted
year_spline_2,year_spline_3,0.3380875265222757,hc3_spline_year_citation_adjusted
year_spline_2,year_spline_4,-0.7254405113462546,hc3_spline_year_citation_adjusted
year_spline_3,year_spline_4,-0.8566360088070787,hc3_spline_year_citation_adjusted
log1p_citations,theme_Mental-health risk prediction,-0.012481437946292275,hc3_spline_year_citation_adjusted
log1p_citations,theme_Neuropsychiatric assessment,0.04426436157088896,hc3_spline_year_citation_adjusted
log1p_citations,theme_Social and affective detection,0.07515179024984983,hc3_spline_year_citation_adjusted
log1p_citations,year_spline_1,0.07389866994864536,hc3_spline_year_citation_adjusted
log1p_citations,year_spline_2,0.11747065317428253,hc3_spline_year_citation_adjusted
log1p_citations,year_spline_3,0.09248196655761609,hc3_spline_year_citation_adjusted
log1p_citations,year_spline_4,-0.1221895567172694,hc3_spline_year_citation_adjusted
theme_Mental-health risk prediction,theme_Neuropsychiatric assessment,-0.4428873588692158,firth_linear_year_citation_adjusted
theme_Mental-health risk prediction,theme_Social and affective detection,-0.2640162331157265,firth_linear_year_citation_adjusted
theme_Mental-health risk prediction,year_centered,0.1078436665353996,firth_linear_year_citation_adjusted
theme_Neuropsychiatric assessment,theme_Social and affective detection,-0.3166710097588098,firth_linear_year_citation_adjusted
theme_Neuropsychiatric assessment,year_centered,-0.1521295313894367,firth_linear_year_citation_adjusted
theme_Social and affective detection,year_centered,0.027461898524622826,firth_linear_year_citation_adjusted
log1p_citations,theme_Mental-health risk prediction,-0.012481437946292275,firth_linear_year_citation_adjusted
log1p_citations,theme_Neuropsychiatric assessment,0.04426436157088896,firth_linear_year_citation_adjusted
log1p_citations,theme_Social and affective detection,0.07515179024984983,firth_linear_year_citation_adjusted
log1p_citations,year_centered,-0.07001759733777019,firth_linear_year_citation_adjusted
