model,estimator,year_specification,citation_adjusted,term,coefficient_log_odds,standard_error,odds_ratio,ci_low,ci_high,p_value,n_publications,n_outcome_events,converged,iterations,penalized_or_model_loglikelihood
primary_hc3_linear_year_citation_adjusted,HC3 logistic,linear,True,const,-6.274838381268111,0.49444673394380917,0.0018830953726726558,0.0007144938471261163,0.004963021300805199,0.0,1398,111,True,7,-297.87117523057395
primary_hc3_linear_year_citation_adjusted,HC3 logistic,linear,True,theme_Mental-health risk prediction,-0.14192710795999985,0.2913114760086551,0.8676845014742469,0.49022681402037144,1.5357715501611189,0.6261162238229108,1398,111,True,7,-297.87117523057395
primary_hc3_linear_year_citation_adjusted,HC3 logistic,linear,True,theme_Neuropsychiatric assessment,-0.9952489650527492,0.31228645544715455,0.36963140778462916,0.20042419759295904,0.6816910296346702,0.0014376945783898254,1398,111,True,7,-297.87117523057395
primary_hc3_linear_year_citation_adjusted,HC3 logistic,linear,True,theme_Social and affective detection,-0.7205362747397389,0.3358866692202193,0.4864912930007651,0.25186500000103457,0.9396850620951069,0.03193871749150823,1398,111,True,7,-297.87117523057395
primary_hc3_linear_year_citation_adjusted,HC3 logistic,linear,True,year_centered,-0.009099293710563502,0.03625852675777871,0.9909419795816483,0.9229643213778842,1.0639262907056133,0.8018481517530196,1398,111,True,7,-297.87117523057395
primary_hc3_linear_year_citation_adjusted,HC3 logistic,linear,True,log1p_citations,1.0890722585855614,0.10041790543093355,2.97151599491731,2.440631410290624,3.6178782551184034,0.0,1398,111,True,7,-297.87117523057395
hc3_linear_year_citation_omitted,HC3 logistic,linear,False,const,-2.1122042752683794,0.18473264160276534,0.1209710189033908,0.08422414849888436,0.17375049407259224,0.0,1398,111,True,6,-381.39410112175585
hc3_linear_year_citation_omitted,HC3 logistic,linear,False,theme_Mental-health risk prediction,-0.17789656046567093,0.25909786045696526,0.8370290009010004,0.5037279011175898,1.3908650817135806,0.4923349027441799,1398,111,True,6,-381.39410112175585
hc3_linear_year_citation_omitted,HC3 logistic,linear,False,theme_Neuropsychiatric assessment,-0.8109758457411488,0.27195321388542004,0.44442416511830707,0.26080185129358396,0.7573291276938238,0.002863329213262933,1398,111,True,6,-381.39410112175585
hc3_linear_year_citation_omitted,HC3 logistic,linear,False,theme_Social and affective detection,-0.3785193097569661,0.31253903307808495,0.6848747461624911,0.37117391287570584,1.263702543902129,0.22585305143680579,1398,111,True,6,-381.39410112175585
hc3_linear_year_citation_omitted,HC3 logistic,linear,False,year_centered,-0.06542640571289063,0.025381802151342437,0.9366679776352097,0.8912112167288253,0.9844432878072603,0.009946331857254354,1398,111,True,6,-381.39410112175585
hc3_spline_year_citation_adjusted,HC3 logistic,spline,True,const,-4.557225173277926,1.6663811234859724,0.010491129658596682,0.00040030966021137017,0.2749466536864771,0.006241749677407871,1398,111,True,7,-291.68776941903656
hc3_spline_year_citation_adjusted,HC3 logistic,spline,True,theme_Mental-health risk prediction,-0.1477587221056832,0.29318548637761577,0.8626392256106943,0.4855894737828855,1.5324599764593283,0.6142775869628894,1398,111,True,7,-291.68776941903656
hc3_spline_year_citation_adjusted,HC3 logistic,spline,True,theme_Neuropsychiatric assessment,-1.0625251359917824,0.30834918493033847,0.345582065919832,0.18883560955626197,0.632438789304921,0.00056926558773851,1398,111,True,7,-291.68776941903656
hc3_spline_year_citation_adjusted,HC3 logistic,spline,True,theme_Social and affective detection,-0.7526994173458583,0.3372130475525294,0.4710931577604452,0.2432599034564592,0.912311318615772,0.02560714467934,1398,111,True,7,-291.68776941903656
hc3_spline_year_citation_adjusted,HC3 logistic,spline,True,year_spline_1,-8.2332406275451,3.370246696347622,0.0002656739833063385,3.594097367075204e-07,0.19638495621306784,0.014568995526561324,1398,111,True,7,-291.68776941903656
hc3_spline_year_citation_adjusted,HC3 logistic,spline,True,year_spline_2,1.8886002195581417,1.9986184254831205,6.610109500147925,0.1315169006950331,332.2276252940622,0.3446829372855431,1398,111,True,7,-291.68776941903656
hc3_spline_year_citation_adjusted,HC3 logistic,spline,True,year_spline_3,-2.1945171674378567,1.6901367077807432,0.11141234202692941,0.004057759748926038,3.059005639555363,0.194141045970893,1398,111,True,7,-291.68776941903656
hc3_spline_year_citation_adjusted,HC3 logistic,spline,True,year_spline_4,-2.0541012639564316,1.6604363231927552,0.12820800897327705,0.004949361720662827,3.3210936061247445,0.2160554395934149,1398,111,True,7,-291.68776941903656
hc3_spline_year_citation_adjusted,HC3 logistic,spline,True,log1p_citations,1.0843743395154537,0.10181614750847637,2.9575887933056304,2.4225443141596177,3.6108034924931847,0.0,1398,111,True,7,-291.68776941903656
firth_linear_year_citation_adjusted,Firth penalized logistic,linear,True,const,-6.1920544681045655,0.5061527038787962,0.0020456197726252756,0.0007585547814482164,0.005516490511293612,0.0,1398,111,True,10,-286.3496987981107
firth_linear_year_citation_adjusted,Firth penalized logistic,linear,True,theme_Mental-health risk prediction,-0.1449196921723044,0.2865207277940963,0.8650917639614985,0.49337290095344827,1.5168724480565463,0.6130031647135092,1398,111,True,10,-286.3496987981107
firth_linear_year_citation_adjusted,Firth penalized logistic,linear,True,theme_Neuropsychiatric assessment,-0.9888038272285873,0.30306223056364356,0.3720214268797712,0.20540022538143082,0.6738061840032089,0.001103528206397808,1398,111,True,10,-286.3496987981107
firth_linear_year_citation_adjusted,Firth penalized logistic,linear,True,theme_Social and affective detection,-0.7042353954881975,0.34131918562133967,0.4944865163710487,0.25329291160910755,0.9653523792648582,0.039086493228309926,1398,111,True,10,-286.3496987981107
firth_linear_year_citation_adjusted,Firth penalized logistic,linear,True,year_centered,-0.011918586969650676,0.04095187319094432,0.9881521580488759,0.9119384469878927,1.070735300920605,0.7710215902891286,1398,111,True,10,-286.3496987981107
firth_linear_year_citation_adjusted,Firth penalized logistic,linear,True,log1p_citations,1.0742482109727145,0.10322412664540155,2.927790991810172,2.391528354447148,3.5843020952625833,0.0,1398,111,True,10,-286.3496987981107
